[
  {
    "en-IN": "Rishi"
  },
  {
    "en-US": "Aaron"
  },
  {
    "en-US": "Albert"
  },
  {
    "it-IT": "Alice"
  },
  {
    "sv-SE": "Alva"
  },
  {
    "fr-CA": "Amélie"
  },
  {
    "ms-MY": "Amira"
  },
  {
    "de-DE": "Anna"
  },
  {
    "en-GB": "Arthur"
  },
  {
    "en-US": "Bad News"
  },
  {
    "en-US": "Bahh"
  },
  {
    "en-US": "Bells"
  },
  {
    "en-US": "Boing"
  },
  {
    "en-US": "Bubbles"
  },
  {
    "he-IL": "Carmit"
  },
  {
    "en-AU": "Catherine"
  },
  {
    "en-US": "Cellos"
  },
  {
    "id-ID": "Damayanti"
  },
  {
    "en-GB": "Daniel (English (United Kingdom))"
  },
  {
    "fr-FR": "Daniel (French (France))"
  },
  {
    "bg-BG": "Daria"
  },
  {
    "de-DE": "Eddy (German (Germany))"
  },
  {
    "en-GB": "Eddy (English (United Kingdom))"
  },
  {
    "en-US": "Eddy (English (United States))"
  },
  {
    "es-ES": "Eddy (Spanish (Spain))"
  },
  {
    "es-MX": "Eddy (Spanish (Mexico))"
  },
  {
    "fi-FI": "Eddy (Finnish (Finland))"
  },
  {
    "fr-CA": "Eddy (French (Canada))"
  },
  {
    "fr-FR": "Eddy (French (France))"
  },
  {
    "it-IT": "Eddy (Italian (Italy))"
  },
  {
    "pt-BR": "Eddy (Portuguese (Brazil))"
  },
  {
    "nl-BE": "Ellen"
  },
  {
    "de-DE": "Flo (German (Germany))"
  },
  {
    "en-GB": "Flo (English (United Kingdom))"
  },
  {
    "en-US": "Flo (English (United States))"
  },
  {
    "es-ES": "Flo (Spanish (Spain))"
  },
  {
    "es-MX": "Flo (Spanish (Mexico))"
  },
  {
    "fi-FI": "Flo (Finnish (Finland))"
  },
  {
    "fr-CA": "Flo (French (Canada))"
  },
  {
    "fr-FR": "Flo (French (France))"
  },
  {
    "it-IT": "Flo (Italian (Italy))"
  },
  {
    "pt-BR": "Flo (Portuguese (Brazil))"
  },
  {
    "en-US": "Fred"
  },
  {
    "en-US": "Good News"
  },
  {
    "en-AU": "Gordon"
  },
  {
    "de-DE": "Grandma (German (Germany))"
  },
  {
    "en-GB": "Grandma (English (United Kingdom))"
  },
  {
    "en-US": "Grandma (English (United States))"
  },
  {
    "es-ES": "Grandma (Spanish (Spain))"
  },
  {
    "es-MX": "Grandma (Spanish (Mexico))"
  },
  {
    "fi-FI": "Grandma (Finnish (Finland))"
  },
  {
    "fr-CA": "Grandma (French (Canada))"
  },
  {
    "fr-FR": "Grandma (French (France))"
  },
  {
    "it-IT": "Grandma (Italian (Italy))"
  },
  {
    "pt-BR": "Grandma (Portuguese (Brazil))"
  },
  {
    "de-DE": "Grandpa (German (Germany))"
  },
  {
    "en-GB": "Grandpa (English (United Kingdom))"
  },
  {
    "en-US": "Grandpa (English (United States))"
  },
  {
    "es-ES": "Grandpa (Spanish (Spain))"
  },
  {
    "es-MX": "Grandpa (Spanish (Mexico))"
  },
  {
    "fi-FI": "Grandpa (Finnish (Finland))"
  },
  {
    "fr-CA": "Grandpa (French (Canada))"
  },
  {
    "fr-FR": "Grandpa (French (France))"
  },
  {
    "it-IT": "Grandpa (Italian (Italy))"
  },
  {
    "pt-BR": "Grandpa (Portuguese (Brazil))"
  },
  {
    "ja-JP": "Hattori"
  },
  {
    "de-DE": "Helena"
  },
  {
    "ro-RO": "Ioana"
  },
  {
    "fr-FR": "Jacques"
  },
  {
    "en-US": "Jester"
  },
  {
    "pt-PT": "Joana"
  },
  {
    "en-US": "Junior"
  },
  {
    "th-TH": "Kanya"
  },
  {
    "en-AU": "Karen"
  },
  {
    "en-US": "Kathy"
  },
  {
    "ja-JP": "Kyoko"
  },
  {
    "hr-HR": "Lana"
  },
  {
    "sk-SK": "Laura"
  },
  {
    "hi-IN": "Lekha"
  },
  {
    "uk-UA": "Lesya"
  },
  {
    "zh-CN": "Li-Mu"
  },
  {
    "vi-VN": "Linh"
  },
  {
    "pt-BR": "Luciana"
  },
  {
    "ar-001": "Majed"
  },
  {
    "fr-FR": "Marie"
  },
  {
    "en-GB": "Martha"
  },
  {
    "de-DE": "Martin"
  },
  {
    "zh-TW": "Meijia"
  },
  {
    "el-GR": "Melina"
  },
  {
    "ru-RU": "Milena"
  },
  {
    "en-IE": "Moira"
  },
  {
    "ca-ES": "Montse"
  },
  {
    "es-ES": "Mónica"
  },
  {
    "en-US": "Nicky"
  },
  {
    "nb-NO": "Nora"
  },
  {
    "ja-JP": "O-Ren"
  },
  {
    "en-US": "Organ"
  },
  {
    "es-MX": "Paulina"
  },
  {
    "en-US": "Ralph"
  },
  {
    "de-DE": "Reed (German (Germany))"
  },
  {
    "en-GB": "Reed (English (United Kingdom))"
  },
  {
    "en-US": "Reed (English (United States))"
  },
  {
    "es-ES": "Reed (Spanish (Spain))"
  },
  {
    "es-MX": "Reed (Spanish (Mexico))"
  },
  {
    "fi-FI": "Reed (Finnish (Finland))"
  },
  {
    "fr-CA": "Reed (French (Canada))"
  },
  {
    "it-IT": "Reed (Italian (Italy))"
  },
  {
    "pt-BR": "Reed (Portuguese (Brazil))"
  },
  {
    "de-DE": "Rocko (German (Germany))"
  },
  {
    "en-GB": "Rocko (English (United Kingdom))"
  },
  {
    "en-US": "Rocko (English (United States))"
  },
  {
    "es-ES": "Rocko (Spanish (Spain))"
  },
  {
    "es-MX": "Rocko (Spanish (Mexico))"
  },
  {
    "fi-FI": "Rocko (Finnish (Finland))"
  },
  {
    "fr-CA": "Rocko (French (Canada))"
  },
  {
    "fr-FR": "Rocko (French (France))"
  },
  {
    "it-IT": "Rocko (Italian (Italy))"
  },
  {
    "pt-BR": "Rocko (Portuguese (Brazil))"
  },
  {
    "en-US": "Samantha"
  },
  {
    "de-DE": "Sandy (German (Germany))"
  },
  {
    "en-GB": "Sandy (English (United Kingdom))"
  },
  {
    "en-US": "Sandy (English (United States))"
  },
  {
    "es-ES": "Sandy (Spanish (Spain))"
  },
  {
    "es-MX": "Sandy (Spanish (Mexico))"
  },
  {
    "fi-FI": "Sandy (Finnish (Finland))"
  },
  {
    "fr-CA": "Sandy (French (Canada))"
  },
  {
    "fr-FR": "Sandy (French (France))"
  },
  {
    "it-IT": "Sandy (Italian (Italy))"
  },
  {
    "pt-BR": "Sandy (Portuguese (Brazil))"
  },
  {
    "da-DK": "Sara"
  },
  {
    "fi-FI": "Satu"
  },
  {
    "de-DE": "Shelley (German (Germany))"
  },
  {
    "en-GB": "Shelley (English (United Kingdom))"
  },
  {
    "en-US": "Shelley (English (United States))"
  },
  {
    "es-ES": "Shelley (Spanish (Spain))"
  },
  {
    "es-MX": "Shelley (Spanish (Mexico))"
  },
  {
    "fi-FI": "Shelley (Finnish (Finland))"
  },
  {
    "fr-CA": "Shelley (French (Canada))"
  },
  {
    "fr-FR": "Shelley (French (France))"
  },
  {
    "it-IT": "Shelley (Italian (Italy))"
  },
  {
    "pt-BR": "Shelley (Portuguese (Brazil))"
  },
  {
    "zh-HK": "Sinji"
  },
  {
    "en-US": "Superstar"
  },
  {
    "en-ZA": "Tessa"
  },
  {
    "fr-FR": "Thomas"
  },
  {
    "zh-CN": "Tingting"
  },
  {
    "en-US": "Trinoids"
  },
  {
    "hu-HU": "Tünde"
  },
  {
    "en-US": "Whisper"
  },
  {
    "en-US": "Wobble"
  },
  {
    "nl-NL": "Xander"
  },
  {
    "tr-TR": "Yelda"
  },
  {
    "zh-CN": "Yu-shu"
  },
  {
    "ko-KR": "Yuna"
  },
  {
    "en-US": "Zarvox"
  },
  {
    "pl-PL": "Zosia"
  },
  {
    "cs-CZ": "Zuzana"
  },
  {
    "de-DE": "Google Deutsch"
  },
  {
    "en-US": "Google US English"
  },
  {
    "en-GB": "Google UK English Female"
  },
  {
    "en-GB": "Google UK English Male"
  },
  {
    "es-ES": "Google español"
  },
  {
    "es-US": "Google español de Estados Unidos"
  },
  {
    "fr-FR": "Google français"
  },
  {
    "hi-IN": "Google हिन्दी"
  },
  {
    "id-ID": "Google Bahasa Indonesia"
  },
  {
    "it-IT": "Google italiano"
  },
  {
    "ja-JP": "Google 日本語"
  },
  {
    "ko-KR": "Google 한국의"
  },
  {
    "nl-NL": "Google Nederlands"
  },
  {
    "pl-PL": "Google polski"
  },
  {
    "pt-BR": "Google português do Brasil"
  },
  {
    "ru-RU": "Google русский"
  },
  {
    "zh-CN": "Google&nbsp;普通话（中国大陆）"
  },
  {
    "zh-HK": "Google&nbsp;粤語（香港）"
  },
  {
    "zh-TW": "Google 國語（臺灣）"
  }
]